/*
Navicat MySQL Data Transfer

Source Server         : myDataBase
Source Server Version : 80017
Source Host           : localhost:3306
Source Database       : work_daily

Target Server Type    : MYSQL
Target Server Version : 80017
File Encoding         : 65001

Date: 2019-09-18 12:39:59
*/

SET FOREIGN_KEY_CHECKS=0;

-- ----------------------------
-- Table structure for log
-- ----------------------------
DROP TABLE IF EXISTS `log`;
CREATE TABLE `log` (
  `id` varchar(32) NOT NULL,
  `project_id` varchar(32) NOT NULL,
  `level` char(1) NOT NULL COMMENT 'é‡è¦ç­‰çº§ 1-é‡è¦ç´§æ€¥ 2-é‡è¦ä¸ç´§æ€¥ 3-ç´§æ€¥ä¸é‡è¦ 4-éƒ½ä¸',
  `date` date NOT NULL,
  `title` varchar(255) DEFAULT NULL,
  `type` char(1) DEFAULT NULL COMMENT 'ç±»å‹ 1-è®¡åˆ’ 2-çªå‘ 3-å¤‡å¿˜ 4-é—®é¢˜ 5-æ€»ç»“ 6-ç•ªèŒ„é’Ÿ 7-æ—¥ç»“',
  `remark` varchar(255) DEFAULT NULL COMMENT 'å¤‡æ³¨',
  `start_time` timestamp NULL DEFAULT CURRENT_TIMESTAMP,
  `end_time` timestamp NULL DEFAULT CURRENT_TIMESTAMP ON UPDATE CURRENT_TIMESTAMP,
  `status` char(1) DEFAULT NULL COMMENT 'çŠ¶æ€ 1-å®Œæˆ 2-æœªå®Œæˆ 3-æç½®',
  `use_time` double(10,2) DEFAULT NULL,
  PRIMARY KEY (`id`)
) ENGINE=InnoDB DEFAULT CHARSET=utf8;

-- ----------------------------
-- Records of log
-- ----------------------------
INSERT INTO `log` VALUES ('09198fa77947ee04d46370c29e6d585d', '3860a8ea89fa25cf09106c12c51ba1e2', '4', '2019-09-12', 'å‰©ä½™4ä¸ªæ¥å£ å•å…ƒæµ‹è¯•ï¼Œé‡ç‚¹çœ‹æœ‰å†…åµŒæŠ¥æ–‡ç»„è£…æ˜¯å¦ç¬¦åˆæ ¼å¼è¦æ±‚', '1', '', '2019-09-01 00:00:00', '2019-09-18 12:34:40', '1', null);
INSERT INTO `log` VALUES ('0e0217c78fd025ca470a6e4a1c1f3904', '3860a8ea89fa25cf09106c12c51ba1e2', '4', '2019-09-11', 'åç»­4ä¸ªæ¥å£å¼€å‘', '1', '', '2019-09-01 00:00:00', '2019-09-18 12:35:25', '1', null);
INSERT INTO `log` VALUES ('1e68e1b4063a97a32d409d503916ad79', '3860a8ea89fa25cf09106c12c51ba1e2', '4', '2019-09-14', 'idea æ–°å»ºæ—¶çš„æ¨¡æ¿ä¸å¯¹', '1', '', '2019-09-01 00:00:00', '2019-09-18 12:35:25', '1', null);
INSERT INTO `log` VALUES ('2da93be2e3fecc70b4b0d51f37f8a6d3', '3860a8ea89fa25cf09106c12c51ba1e2', '1', '2019-09-13', 'è´§è½¦å¸®æ¥å£å‰©ä½™3ä¸ªï¼Œè°ƒæ•´', '1', '', '2019-09-01 00:00:00', '2019-09-18 12:35:25', '1', '60.00');
INSERT INTO `log` VALUES ('35aa3b3f7e91cf6630b0dc71cb41204e', '3860a8ea89fa25cf09106c12c51ba1e2', '4', '2019-09-09', 'ç»§ç»­è°ƒæ¥å£ï¼Œä»æœ€å¼€å§‹çš„ä¸€ä¸ªä¸€ä¸ªè®¾ç½®', '1', '', '2019-09-01 00:00:00', '2019-09-18 12:35:25', '1', null);
INSERT INTO `log` VALUES ('399f4adec2c4c3524fe856dd38f6ad40', '3860a8ea89fa25cf09106c12c51ba1e2', '1', '2019-09-14', 'ccb client éƒ½æœ‰group å¯ä»¥åˆå¹¶å—ï¼Ÿ', '1', '', '2019-09-01 00:00:00', '2019-09-18 12:35:25', '1', null);
INSERT INTO `log` VALUES ('40f40eb43c12473c2855c90de0f9250b', '3860a8ea89fa25cf09106c12c51ba1e2', '4', '2019-09-10', 'git åˆ†æ”¯äº†è§£ï¼ŒåŠä½¿ç”¨ï¼Ÿ', '4', null, '2019-09-01 00:00:00', '2019-09-18 12:35:25', '2', null);
INSERT INTO `log` VALUES ('47edc67a997e34aa73c976d96ff7158d', '3860a8ea89fa25cf09106c12c51ba1e2', '4', '2019-09-11', '', '7', null, '2019-09-01 00:00:00', '2019-09-18 12:35:25', '1', null);
INSERT INTO `log` VALUES ('54604aaed4108ad3bb2c69e1b150b2b6', '2d280fc5a8f25ba1a7d6bc091e1f434c', '2', '2019-09-03', 'äº¤æ˜“å¼€å‘60105ã€67009', '1', '', '2019-09-01 00:00:00', '2019-09-18 12:35:25', '3', '2.00');
INSERT INTO `log` VALUES ('5a282a70a0390b087a2ffd1fd712430d', '3ba0013d293f05f70c684ef53d73d303', '4', '2019-09-16', '', '7', null, '2019-09-01 00:00:00', '2019-09-18 12:35:25', '1', null);
INSERT INTO `log` VALUES ('5d452b048cd2458b30a1176e9368f4ee', '3860a8ea89fa25cf09106c12c51ba1e2', '1', '2019-09-16', 'æŒ‰ç…§ç»™å®šæ ·å¼ä¿®æ”¹ä»£ç ï¼Œé¢„è®¡ 2.5h', '1', '', '2019-09-01 00:00:00', '2019-09-18 12:35:25', '1', '30.00');
INSERT INTO `log` VALUES ('73a7becf3302ede8a95cdb568a491cbf', '3860a8ea89fa25cf09106c12c51ba1e2', '3', '2019-09-10', 'å¸¸ç”¨å®', '3', '', '2019-09-01 00:00:00', '2019-09-18 12:35:25', '1', null);
INSERT INTO `log` VALUES ('76b40d2111a5ad86c211e6dcf05a2f70', '3860a8ea89fa25cf09106c12c51ba1e2', '4', '2019-09-08', 'TFT_ADR_INFO åœ°å€ä¿¡æ¯ æˆ‘ä»¬è‡ªå·±çš„ä¸å…¨ï¼Œæ˜¯æ‰€æœ‰å­—æ®µéƒ½å°è£…ï¼Ÿè¿˜æ˜¯åªç»™éƒ¨åˆ†å­—æ®µï¼Ÿ', '4', '', '2019-09-01 00:00:00', '2019-09-18 12:35:25', '1', null);
INSERT INTO `log` VALUES ('824cb02864751a855c78d4fe1241bdab', '2d280fc5a8f25ba1a7d6bc091e1f434c', '3', '2019-09-02', 'è´µé˜³ç»Ÿä¸€æ”¯ä»˜äº†è§£å®‰æ’', '1', '', '2019-09-05 14:12:28', '2019-09-05 14:12:30', '3', null);
INSERT INTO `log` VALUES ('8c4c8253812359034299f2f8c12e7241', '3ba0013d293f05f70c684ef53d73d303', '3', '2019-09-03', 'æ—¥å¿—ç®¡ç†ç³»ç»Ÿ', '1', '', '2019-09-04 11:56:10', '2019-09-18 12:29:10', '2', null);
INSERT INTO `log` VALUES ('91d01aa1e2917c62b6de0491085404e9', '3860a8ea89fa25cf09106c12c51ba1e2', '4', '2019-09-09', 'å¤‡å¿˜', '3', '', '2019-09-01 00:00:00', '2019-09-18 12:35:25', '1', null);
INSERT INTO `log` VALUES ('a5bc21c7717cc34f15a5b030cade2764', '3860a8ea89fa25cf09106c12c51ba1e2', '4', '2019-09-09', '', '7', null, '2019-09-01 00:00:00', '2019-09-18 12:35:25', '1', null);
INSERT INTO `log` VALUES ('a908e387057ae818ec4bd04485ce994c', '3860a8ea89fa25cf09106c12c51ba1e2', '4', '2019-09-09', 'å»é™¤æ•æ„Ÿä¿¡æ¯ CCBServiceImpl 411', '3', '', '2019-09-01 00:00:00', '2019-09-18 12:35:25', '1', null);
INSERT INTO `log` VALUES ('ab826c5b25c4f466b71b77b4d2333b5a', '3860a8ea89fa25cf09106c12c51ba1e2', '4', '2019-09-06', '', '7', null, '2019-09-01 00:00:00', '2019-09-18 12:35:25', '1', null);
INSERT INTO `log` VALUES ('b3b8497335194b67d1fed5460a647af3', '3860a8ea89fa25cf09106c12c51ba1e2', '4', '2019-09-12', 'æµ‹è¯•æ–­è¨€ çš„ç”¨æ³•', '1', '', '2019-09-01 00:00:00', '2019-09-18 12:35:25', '1', null);
INSERT INTO `log` VALUES ('b7bb7ec43fe0a4294f747dc11c57c310', '3860a8ea89fa25cf09106c12c51ba1e2', '1', '2019-09-12', 'å‰©ä½™4ä¸ªæ¥å£çš„ï¼Œå“åº”æŠ¥æ–‡æ‹¼è£…', '1', '', '2019-09-01 00:00:00', '2019-09-18 12:35:25', '1', null);
INSERT INTO `log` VALUES ('bdab7bbdc812e03e56e68c5a43b6c16d', '3860a8ea89fa25cf09106c12c51ba1e2', '4', '2019-09-08', 'ç”µè¯å·ç  éœ€ä¸éœ€è¦è€ƒè™‘è¾“å…¥éå¿…è¾“çš„æƒ…å†µï¼Ÿåˆ›å»ºå®ä½“ç±»?è¿˜æ˜¯å­—æ®µï¼Ÿ', '4', '', '2019-09-01 00:00:00', '2019-09-18 12:35:25', '1', null);
INSERT INTO `log` VALUES ('c9e949350131552fe7c47c03c30c9093', '3860a8ea89fa25cf09106c12c51ba1e2', '4', '2019-09-17', 'mock æµ‹è¯•', '1', '', '2019-09-01 00:00:00', '2019-09-18 12:35:25', '2', null);
INSERT INTO `log` VALUES ('cafb5217cbb7353881f5c3a06b00fee7', '3860a8ea89fa25cf09106c12c51ba1e2', '4', '2019-09-08', 'é¢åº¦æµ‹ç®—  å­—æ®µæ˜ å°„å¤‡æ³¨', '3', '', '2019-09-01 00:00:00', '2019-09-18 12:35:25', '1', null);
INSERT INTO `log` VALUES ('d3b26f52224bfaefd47ff661f167dc2d', '3860a8ea89fa25cf09106c12c51ba1e2', '4', '2019-09-18', 'æ—¥å¿—ç®¡ç†è½¯ä»¶ï¼Œæœ€åçš„æ—¥ç»“åŠŸèƒ½å¤„ç†', '1', null, '2019-09-18 09:25:19', '2019-09-18 09:25:19', '2', null);
INSERT INTO `log` VALUES ('d5122ad499cd3b408f8931fa8ec68f2a', '3860a8ea89fa25cf09106c12c51ba1e2', '4', '2019-09-17', '', '7', null, '2019-09-17 18:34:13', '2019-09-17 18:42:05', '1', null);
INSERT INTO `log` VALUES ('dd3250beb7278f1e1ddcb3094787c8cc', '3860a8ea89fa25cf09106c12c51ba1e2', '4', '2019-09-11', 'ä»£ç è§„èŒƒå¤„ç†', '1', '', '2019-09-01 00:00:00', '2019-09-18 12:35:25', '1', null);
INSERT INTO `log` VALUES ('e23f27a4126abf4237a8717af258a257', '2d280fc5a8f25ba1a7d6bc091e1f434c', '4', '2019-09-03', '', '7', null, '2019-09-01 00:00:00', '2019-09-18 12:35:25', '1', null);
INSERT INTO `log` VALUES ('e397eb745aae5a08cfd65eda96ccf85c', '3860a8ea89fa25cf09106c12c51ba1e2', '1', '2019-09-10', 'é¡¹ç›®åŒæ­¥åˆ°gitä¸Šï¼Œæ–¹ä¾¿å®¶é‡Œä½¿ç”¨', '1', '', '2019-09-01 00:00:00', '2019-09-18 12:35:25', '1', '60.00');
INSERT INTO `log` VALUES ('ee12c9f8efb042c1dfe11a015bcc0c20', '3860a8ea89fa25cf09106c12c51ba1e2', '1', '2019-09-14', 'ç”³è¯·ä¿¡æ¯æäº¤ ä¿®æ”¹å‚æ•°', '1', '', '2019-09-01 00:00:00', '2019-09-18 12:35:25', '1', null);
INSERT INTO `log` VALUES ('faf83f9c3f3307310328c5d57d330e9d', '3860a8ea89fa25cf09106c12c51ba1e2', '4', '2019-09-05', '', '7', null, '2019-09-01 00:00:00', '2019-09-18 12:35:25', '1', null);
INSERT INTO `log` VALUES ('fef83d78a165301a1aed52cfba125d68', '3860a8ea89fa25cf09106c12c51ba1e2', '4', '2019-09-05', 'äº†è§£é¡¹ç›®æƒ…å†µ', '1', '', '2019-09-01 00:00:00', '2019-09-18 12:35:25', '1', null);

-- ----------------------------
-- Table structure for log_detail
-- ----------------------------
DROP TABLE IF EXISTS `log_detail`;
CREATE TABLE `log_detail` (
  `id` varchar(32) NOT NULL,
  `log_id` varchar(32) NOT NULL,
  `content` varchar(5000) CHARACTER SET utf8 COLLATE utf8_general_ci DEFAULT NULL COMMENT 'å†…å®¹',
  `status` char(1) NOT NULL COMMENT 'çŠ¶æ€ 1-å®Œæˆ 2-æœªå®Œæˆ',
  `seq` int(11) NOT NULL COMMENT 'åºå·',
  `start_time` timestamp NULL DEFAULT CURRENT_TIMESTAMP,
  `end_time` timestamp NULL DEFAULT CURRENT_TIMESTAMP ON UPDATE CURRENT_TIMESTAMP,
  `use_time` double(10,2) DEFAULT NULL,
  `remark` varchar(255) DEFAULT NULL,
  PRIMARY KEY (`id`)
) ENGINE=InnoDB DEFAULT CHARSET=utf8;

-- ----------------------------
-- Records of log_detail
-- ----------------------------
INSERT INTO `log_detail` VALUES ('0a0254becdf1a775586df005e45c793f', '8c4c8253812359034299f2f8c12e7241', 'ç”¨æˆ·ä¿¡æ¯ä¿®æ”¹åŠŸèƒ½', '2', '15', '2019-09-01 00:00:00', '2019-09-18 12:36:42', null, null);
INSERT INTO `log_detail` VALUES ('0b4fa2e8ac88a2e3213af6e1d16f78c0', 'ab826c5b25c4f466b71b77b4d2333b5a', 'æ—¥å¿—ç®¡ç†ç³»ç»Ÿ æ—¥å¿—æ’åºé—®é¢˜', '2', '3', '2019-09-01 00:00:00', '2019-09-18 12:36:42', '120.00', '');
INSERT INTO `log_detail` VALUES ('0cde454340979333fee2399285a67df7', '8c4c8253812359034299f2f8c12e7241', 'æ˜ç»†æ·»åŠ bug', '1', '1', '2019-09-01 00:00:00', '2019-09-18 12:36:42', null, '');
INSERT INTO `log_detail` VALUES ('0fd53f26b34124d711fcc4a7d23786bd', '8c4c8253812359034299f2f8c12e7241', 'æ–°å¢æ—¥å¿—æ—¶ï¼Œè‹¥ä¸ºæ—¥ç»“ç­‰æ—¶ï¼Œè‡ªåŠ¨çŠ¶æ€ä¸ºå·²å®Œæˆ', '1', '12', '2019-09-01 00:00:00', '2019-09-18 12:36:42', null, null);
INSERT INTO `log_detail` VALUES ('1424d51a120e85d57cad31ff873eb6fb', 'faf83f9c3f3307310328c5d57d330e9d', 'æ—¥å¿—ç®¡ç†ç³»ç»Ÿ ', '2', '3', '2019-09-01 00:00:00', '2019-09-18 12:36:42', '270.00', '');
INSERT INTO `log_detail` VALUES ('156504acccf10231ae70babb5de7e47e', '8c4c8253812359034299f2f8c12e7241', 'æ˜ç»†æ·»åŠ æ—¶ï¼Œå¢åŠ è€—æ—¶æ¡†ï¼Œå¤‡æ³¨æ¡†', '1', '4', '2019-09-01 00:00:00', '2019-09-18 12:36:42', null, null);
INSERT INTO `log_detail` VALUES ('15b591c52389d06b80a5c905e4c526f8', '8c4c8253812359034299f2f8c12e7241', 'ç´§æ€¥ä¸é‡è¦  key-value å¯¹åº”é”™è¯¯', '1', '24', '2019-09-01 00:00:00', '2019-09-18 12:36:42', null, '');
INSERT INTO `log_detail` VALUES ('1b81169c7c0d3af03295b5c5a2cb7e93', 'e23f27a4126abf4237a8717af258a257', 'äº¤æ˜“å¼€å‘äº†è§£ ï¼Œå®šåˆ¶æŠ¥æ–‡ 60105 å¤„ç†å®Œæˆ', '2', '3', '2019-09-01 00:00:00', '2019-09-18 12:36:42', null, null);
INSERT INTO `log_detail` VALUES ('2482647d71f2d6b99a8908472079ecdd', '8c4c8253812359034299f2f8c12e7241', 'æŒ‰é’®æ”¹ä¸ºå³é”®è®¾ç½®ï¼Œå…ˆå¤‡ä»½ï¼Œä»¥å¾…å›é€€', '1', '3', '2019-09-05 14:37:11', '2019-09-01 00:00:00', '0.00', '');
INSERT INTO `log_detail` VALUES ('24be621963674d4d16a61b6a456f2067', 'ab826c5b25c4f466b71b77b4d2333b5a', 'æ—¥å¿—ç®¡ç†ç³»ç»Ÿ æŒ‰é’®ç½®ç°', '2', '4', '2019-09-01 00:00:00', '2019-09-18 12:36:42', '30.00', '');
INSERT INTO `log_detail` VALUES ('25eedb7860d74663dd4d6f08f0c836d1', '47edc67a997e34aa73c976d96ff7158d', 'åç»­4åªæ¥å£ ç±»å»ºç«‹ï¼Œæµç¨‹æ§åˆ¶ï¼Œå‰©ä½™ å“åº”ä¿¡æ¯çš„å¤„ç†', '2', '3', '2019-09-01 00:00:00', '2019-09-18 12:36:42', '240.00', '');
INSERT INTO `log_detail` VALUES ('26ecdb37e17561bfbd6c7cd845f3105d', '8c4c8253812359034299f2f8c12e7241', 'è€—æ—¶ å¯ä»¥æ¸…é™¤', '1', '22', '2019-09-01 00:00:00', '2019-09-18 12:36:42', null, '');
INSERT INTO `log_detail` VALUES ('324296a4a1b9f138a7106bb4c3e628b2', '8c4c8253812359034299f2f8c12e7241', 'æ˜ç»†æ’åºï¼ŒåŠè§£å†³æ–¹æ¡ˆ', '1', '2', '2019-09-01 00:00:00', '2019-09-18 12:36:42', null, null);
INSERT INTO `log_detail` VALUES ('48336ee24fad75a0c3e5a8a523f1316f', '8c4c8253812359034299f2f8c12e7241', 'å†…åµŒé¡µæ»šåŠ¨æ¡è®¾ç½®', '1', '6', '2019-09-01 00:00:00', '2019-09-18 12:36:42', null, null);
INSERT INTO `log_detail` VALUES ('4937fb1219eab88ae51ba245809e1857', '8c4c8253812359034299f2f8c12e7241', 'æ˜ç»†æ·»åŠ è€—æ—¶ã€å¼€å§‹æ—¶é—´ã€ç»“æŸæ—¶é—´', '1', '1', '2019-09-01 00:00:00', '2019-09-18 12:36:42', '130.00', 'å®Œæˆ');
INSERT INTO `log_detail` VALUES ('5b876b0801f957f2846e667a309bf172', '8c4c8253812359034299f2f8c12e7241', 'æ˜ç»† é€‰ä¸­æ˜¾ç¤ºå»é™¤ï¼Œé¡ºåºæ‹–æ‹‰è°ƒæ•´ï¼Œå®Œæˆæ ·å¼è°ƒæ•´', '1', '1', '2019-09-01 00:00:00', '2019-09-18 12:36:42', null, null);
INSERT INTO `log_detail` VALUES ('5c331a409213b3d7ab03d69d7582330a', '824cb02864751a855c78d4fe1241bdab', 'äº†è§£æ€»ä½“è®¾è®¡', '1', '1', '2019-09-01 00:00:00', '2019-09-18 12:36:42', null, null);
INSERT INTO `log_detail` VALUES ('5d54c037c44dc0a51a6d8c696ef52092', '47edc67a997e34aa73c976d96ff7158d', 'å¤„ç†æ˜¨å¤©ä»£ç ä¸è§„èŒƒé—®é¢˜', '2', '2', '2019-09-01 00:00:00', '2019-09-18 12:36:42', '120.00', '');
INSERT INTO `log_detail` VALUES ('5e40677298d756ec20ddd4ba570782e2', '8c4c8253812359034299f2f8c12e7241', 'é¡¹ç›®ç®¡ç† é¡µé¢è¡¨æ ¼é«˜åº¦è‡ªé€‚åº”', '1', '9', '2019-09-01 00:00:00', '2019-09-18 12:36:42', null, null);
INSERT INTO `log_detail` VALUES ('695ccccacb01d5d8b86020ec7eace08a', 'faf83f9c3f3307310328c5d57d330e9d', 'äº†è§£å·¥ä½œå†…å®¹', '2', '1', '2019-09-01 00:00:00', '2019-09-18 12:36:42', '60.00', 'ä¸»è¦æ˜¯æµ‹è¯•æ¥å£');
INSERT INTO `log_detail` VALUES ('6a0c684e4c19e4061112d2d25dd91e2a', 'cafb5217cbb7353881f5c3a06b00fee7', 'pdid sdk æ— æ­¤å­—æ®µ', '2', '1', '2019-09-01 00:00:00', '2019-09-18 12:36:42', null, '');
INSERT INTO `log_detail` VALUES ('713992d120a7ae2c3e0647449e2bb52e', '8c4c8253812359034299f2f8c12e7241', 'å¢åŠ  æ—¥ç»“åŠŸèƒ½ï¼Œ è‡ªåŠ¨ç»Ÿè®¡æœ€åå¤„ç†æ—¶é—´ä¸ºå½“å¤©çš„é¡¹', '1', '16', '2019-09-01 00:00:00', '2019-09-18 12:36:42', null, '');
INSERT INTO `log_detail` VALUES ('79a950d34945e1b81c98835507cb3f0b', '8c4c8253812359034299f2f8c12e7241', 'è§’è‰²ç™»å½•åŠŸèƒ½', '2', '14', '2019-09-01 00:00:00', '2019-09-18 12:36:42', null, '');
INSERT INTO `log_detail` VALUES ('7b8d3fd0af202a67c8e05f968cfbc845', '8c4c8253812359034299f2f8c12e7241', 'é¡µé¢é¦–é¡µé—®é¢˜å¤„ç†', '1', '7', '2019-09-01 00:00:00', '2019-09-18 12:36:42', null, null);
INSERT INTO `log_detail` VALUES ('7f4767fdda9292fe73c9f85c851f3449', '8c4c8253812359034299f2f8c12e7241', 'æ˜ç»† æ·»åŠ  å¼€å§‹æ—¶é—´ï¼Œç»“æŸæ—¶é—´', '1', '11', '2019-09-01 00:00:00', '2019-09-18 12:36:42', null, null);
INSERT INTO `log_detail` VALUES ('843c9f85e5668cdf59e1c302eaaa8891', '824cb02864751a855c78d4fe1241bdab', 'äº†è§£å„ä¸ªå­ç³»ç»Ÿå…·ä½“çš„å®ç°æ–¹å¼', '2', '3', '2019-09-01 00:00:00', '2019-09-18 12:36:42', null, null);
INSERT INTO `log_detail` VALUES ('8ce7e3528dbb1a068ba6f218d1db253c', 'fef83d78a165301a1aed52cfba125d68', 'é¡¹ç›®ä¸Šçº¿æ—¶é—´', '1', '1', '2019-09-01 00:00:00', '2019-09-18 12:36:42', null, '2å‘¨');
INSERT INTO `log_detail` VALUES ('8f8043152f77e44b2fad6b374ba9c3c7', '8c4c8253812359034299f2f8c12e7241', 'å³é”®æ˜¾ç¤ºå¢åˆ æ”¹ï¼Œå¯¹åº”çš„è¡¨æ ¼åŒºåŸŸå³é”®æ‰æœ‰æ•ˆæœ', '2', '25', '2019-09-17 14:21:32', '2019-09-17 14:21:32', null, '');
INSERT INTO `log_detail` VALUES ('9a4aed2da94789dc0f91f8d512728cca', '8c4c8253812359034299f2f8c12e7241', 'è·å–æœ€å¤§ seq bug ä¿®æ”¹ï¼Œæ¢é¡¹ç›®æ—¶ï¼Œæ¸…é™¤', '1', '17', '2019-09-01 00:00:00', '2019-09-18 12:36:42', null, '');
INSERT INTO `log_detail` VALUES ('9ade882e67f00491f35218dcaaa36122', '8c4c8253812359034299f2f8c12e7241', 'å·¥ä½œæ¨¡å¼ è°ƒæ•´ï¼Œæœç´¢ æœ€åä¿®æ”¹æ—¶é—´ä¸ºå½“å¤©çš„', '1', '20', '2019-09-01 00:00:00', '2019-09-18 12:36:42', null, '');
INSERT INTO `log_detail` VALUES ('a3364ccb6c99686702b4a35ead4e9c48', '8c4c8253812359034299f2f8c12e7241', 'æ—¥å¿—å¼€å§‹ï¼Œç»“æŸæ—¶é—´ç”¨æŒ‰é’®çš„æ–¹å¼è®¡ç®—', '1', '5', '2019-09-01 00:00:00', '2019-09-18 12:36:42', null, null);
INSERT INTO `log_detail` VALUES ('a7bf6b6d3d5054cf7154b05487679b21', '8c4c8253812359034299f2f8c12e7241', 'logè¡¨ã€detailè¡¨å¯ä»¥æ”¾å¤§', '2', '27', '2019-09-17 14:22:24', '2019-09-17 14:22:24', null, '');
INSERT INTO `log_detail` VALUES ('a9749fdbfd97a2727d642ea4fbaea94e', '47edc67a997e34aa73c976d96ff7158d', 'æ²¡æœ‰ç»™è‡ªå·±ç•™å‡ºï¼Œå­¦ä¹ çš„æ—¶é—´ï¼Œä¸å¥½ï¼Œå†å¿™æœ€å1å°æ—¶éƒ½æ˜¯å­¦ä¹ ç”¨çš„', '2', '5', '2019-09-01 00:00:00', '2019-09-18 12:36:42', null, '');
INSERT INTO `log_detail` VALUES ('ad2cd12ebd0ed939f0f370e8437b1104', 'd5122ad499cd3b408f8931fa8ec68f2a', 'å¤ªé•¿çš„æ—¶é—´ç”¨æˆ·å¼€å‘ã€å·¥ä½œï¼Œè¯´å¥½çš„æœ€åä¸€å°æ—¶åæ€ï¼Œå­¦ä¹ å½“æ—¥çš„ï¼Œè¦ä¿è¯æ¯å¤©5ç‚¹å¼€å§‹æ—¥ç»“', '2', '2', '2019-09-17 18:42:05', '2019-09-17 18:42:05', null, '');
INSERT INTO `log_detail` VALUES ('ada82d073a1dab82f89024000e53a2f8', '8c4c8253812359034299f2f8c12e7241', 'å¢åŠ é¡µé¢åˆ·æ–°åŠŸèƒ½', '1', '8', '2019-09-01 00:00:00', '2019-09-18 12:36:42', null, 'ç”±äºåŠ è½½é¡ºåºé—®é¢˜ï¼Œæš‚æ—¶ä¸è€ƒè™‘');
INSERT INTO `log_detail` VALUES ('b3325399c9ec6d087f46276a9ed09d75', '824cb02864751a855c78d4fe1241bdab', 'äº†è§£å„ä¸ªå­ç³»ç»Ÿé€šçš„è¿ä½œæµç¨‹', '2', '2', '2019-09-01 00:00:00', '2019-09-18 12:36:42', '6.00', '');
INSERT INTO `log_detail` VALUES ('b3e7c1c879e9aa202b361170a975e0cd', 'e23f27a4126abf4237a8717af258a257', 'æ—¥å¿—ç®¡ç†ç³»ç»Ÿ æ˜ç»†é¡µswitchæŒ‰é’®ï¼ŒåŠå±•ç¤ºæ•ˆæœå¤„ç†              3.5h', '2', '1', '2019-09-01 00:00:00', '2019-09-18 12:36:42', '12.00', '');
INSERT INTO `log_detail` VALUES ('b482f8e5f384142d63e52c2e427af1cf', 'd5122ad499cd3b408f8931fa8ec68f2a', 'æ—¥å¿—ç®¡ç†ç³»ç»Ÿ', '2', '1', '2019-09-17 18:39:30', '2019-09-17 18:39:30', null, '');
INSERT INTO `log_detail` VALUES ('b50ece2669dfe73796dafdd4fe7eaf72', 'fef83d78a165301a1aed52cfba125d68', 'å·¥ä½œå†…å®¹', '1', '2', '2019-09-01 00:00:00', '2019-09-18 12:36:42', null, 'æµ‹è¯•ç›¸å…³ï¼Œè¦æœ‰äº†ä»£ç æ‰èƒ½åä¸€æ­¥');
INSERT INTO `log_detail` VALUES ('bbde4d965c0118b633cbd95d1b8424a6', '47edc67a997e34aa73c976d96ff7158d', 'æŠ½ç©ºçœ‹ä¸‹åˆ†æ”¯ä½¿ç”¨æ–¹æ³•', '2', '4', '2019-09-01 00:00:00', '2019-09-18 12:36:42', null, '');
INSERT INTO `log_detail` VALUES ('c289d8b9f5bae1c2ac17d7edf6108e07', '8c4c8253812359034299f2f8c12e7241', 'å®Œæˆæ—¶é—´æ”¹ä¸º æœ€åä¿®æ”¹æ—¶é—´ï¼Œå¹¶ä¸”å®Œæˆæ—¶é—´ã€å¼€å§‹æ—¶é—´ åå°ä¿®æ”¹ï¼Œå‰ç«¯ä¸èƒ½ä¿®æ”¹ï¼Œæ˜æ˜¾çš„æœ€åä¿®æ”¹æ—¶é—´ä¿®æ”¹ï¼Œä¼šæ”¹åŠ¨æ—¥å¿—çš„æœ€åä¿®æ”¹æ—¶é—´', '1', '18', '2019-09-01 00:00:00', '2019-09-18 12:36:42', null, '');
INSERT INTO `log_detail` VALUES ('c392bed16c630fbb829f57f6a782ebf9', '8c4c8253812359034299f2f8c12e7241', 'æ—¥å¿—è¡¨æ ¼æ·»åŠ  é¡¹ç›®åˆ—ï¼Œå¹¶ä¸”å½“å‰é¡¹ç›®å¯ä»¥ä¿æŒä¸ºç©ºå€¼', '1', '21', '2019-09-01 00:00:00', '2019-09-18 12:36:42', null, '');
INSERT INTO `log_detail` VALUES ('cbdddc16f1910a9b11d71409737c8814', '8c4c8253812359034299f2f8c12e7241', 'æ—¥å¿—  æ¢è¡Œï¼Œæœ€å¥½æ˜¯å•å…ƒæ ¼æ¢è¡Œï¼Œå¯ä»¥ä¸ç”¨è°ƒæ¯”ä¾‹äº†', '1', '23', '2019-09-01 00:00:00', '2019-09-18 12:36:42', null, '');
INSERT INTO `log_detail` VALUES ('d1515e055370205a0fc0785abc321381', '8c4c8253812359034299f2f8c12e7241', 'æ—¥å¿—æ·»åŠ é¢„è®¡è€—æ—¶åˆ—', '1', '10', '2019-09-01 00:00:00', '2019-09-18 12:36:42', null, null);
INSERT INTO `log_detail` VALUES ('d39f89ca9a80914e06cc3d422380ed93', '8c4c8253812359034299f2f8c12e7241', 'å¼€å§‹æ—¶é—´ã€ç»“æŸæ—¶é—´ï¼Œè€—æ—¶ä¸å¯åŒæ—¶å­˜åœ¨', '1', '13', '2019-09-01 00:00:00', '2019-09-18 12:36:42', null, null);
INSERT INTO `log_detail` VALUES ('d595e11d8c58554d94dc9fa1eda3e7f7', 'ab826c5b25c4f466b71b77b4d2333b5a', 'æ—¥å¿—ç®¡ç†ç³»ç»Ÿ æ—¥å¿—æ˜æ˜¾é—®é¢˜å¤„ç†', '2', '2', '2019-09-01 00:00:00', '2019-09-18 12:36:42', '90.00', '');
INSERT INTO `log_detail` VALUES ('d6a19db21f2be20ab92bbb307d7683ba', '8c4c8253812359034299f2f8c12e7241', 'æ˜ç»†å¢åˆ æ”¹åï¼Œåˆ·æ–°logè¡¨', '2', '26', '2019-09-17 14:22:03', '2019-09-17 14:22:03', null, '');
INSERT INTO `log_detail` VALUES ('ee904ac8373b27318edbb9e59606eb6d', '8c4c8253812359034299f2f8c12e7241', 'æ—¥å¿—æ·»åŠ è€—æ—¶åˆ—', '1', '4', '2019-09-05 14:31:19', '2019-09-05 14:37:22', null, '');
INSERT INTO `log_detail` VALUES ('ee9fd897ae9641abd826dcd80ab17dbd', '8c4c8253812359034299f2f8c12e7241', 'æ—¥å¿— é‡è¦ç­‰çº§æ ·å¼è°ƒæ•´ï¼Œå®Œæˆæ ·å¼è°ƒæ•´', '1', '2', '2019-09-01 00:00:00', '2019-09-18 12:36:42', null, null);
INSERT INTO `log_detail` VALUES ('f0f01d325ef2b4cfa9b921e69ab7ff13', '47edc67a997e34aa73c976d96ff7158d', 'ä»Šå¤©ä¸Šåˆå¤„ç†ç‰ˆæœ¬åˆ° 11ç‚¹ï¼Œåˆå¹¶åˆ†æ”¯', '2', '1', '2019-09-01 00:00:00', '2019-09-18 12:36:42', null, '');
INSERT INTO `log_detail` VALUES ('f67ad63bf48d6378fedeb34c701b86ab', 'e23f27a4126abf4237a8717af258a257', 'æ—¥å¿—ç®¡ç† é‡è¦ç­‰çº§æ˜¾ç¤ºæ•ˆæœ 1.5h', '2', '2', '2019-09-01 00:00:00', '2019-09-18 12:36:42', null, '');
INSERT INTO `log_detail` VALUES ('fa9fb4d2136cacfc3cfde90f7630f399', 'ab826c5b25c4f466b71b77b4d2333b5a', 'å­¦ä¹ æ•ˆæœä¸å¼ºï¼Œeasyui ç”¨äº†è¿™ä¹ˆå¤šæ¬¡ï¼Œä¹Ÿæ²¡æœ‰è¯´ï¼ŒæŠŠæ–¹æ³•çš„è°ƒç”¨ï¼Œè¡¨æ ¼æœ‰çš„ä¸œè¥¿åšä¸€ä¸ªäº†è§£ï¼Œå†å¼€å§‹ï¼Œè€Œæ˜¯åŒ†åŒ†å¿™å¿™çš„ç”¨', '2', '23', '2019-09-01 00:00:00', '2019-09-18 12:36:42', null, 'å»ºè®®ï¼šæ¶‰åŠåˆ°ä½¿ç”¨ä¸¤æ¬¡ä»¥ä¸Šçš„å°±è¦å¯¹å…¶åšä¸€å®šçš„äº†è§£äº†');
INSERT INTO `log_detail` VALUES ('ffed5f4b4110e09ca3a30841ec882f6d', '73a7becf3302ede8a95cdb568a491cbf', 's', '2', '1', '2019-09-01 00:00:00', '2019-09-18 12:36:42', null, 'v0v$hyLiprivate String p:a;OHjv0v$hyLi/** pa*/joHj');

-- ----------------------------
-- Table structure for project
-- ----------------------------
DROP TABLE IF EXISTS `project`;
CREATE TABLE `project` (
  `id` varchar(32) CHARACTER SET utf8 COLLATE utf8_general_ci DEFAULT NULL,
  `name` varchar(255) NOT NULL COMMENT 'é¡¹ç›®åç§°',
  `seq` int(11) NOT NULL AUTO_INCREMENT COMMENT 'åºå·',
  PRIMARY KEY (`seq`),
  UNIQUE KEY `un` (`id`)
) ENGINE=InnoDB AUTO_INCREMENT=13 DEFAULT CHARSET=utf8;

-- ----------------------------
-- Records of project
-- ----------------------------
INSERT INTO `project` VALUES ('', '', '0');
INSERT INTO `project` VALUES ('2d280fc5a8f25ba1a7d6bc091e1f434c', 'è´µé˜³ç»Ÿä¸€æ”¯ä»˜', '1');
INSERT INTO `project` VALUES ('3860a8ea89fa25cf09106c12c51ba1e2', 'å»ºè¡Œæ”¯ä»˜é¡¹ç›®', '2');
INSERT INTO `project` VALUES ('3ba0013d293f05f70c684ef53d73d303', 'å…¬å…±é¡¹ç›®', '3');
INSERT INTO `project` VALUES ('6aad665e26aaf5990b648bb23c2a4a7a', 'ä¹å±±ESB', '4');
INSERT INTO `project` VALUES ('f3324e6fde0ea64d926876abcf71f687', 'é‚å®é“¶è¡ŒESBã€å‰ç½®', '5');
INSERT INTO `project` VALUES ('ffe2ce237368ac1082464fb1f5fbdb7e', 'é‡åº†æŸœé¢', '6');

-- ----------------------------
-- Table structure for user
-- ----------------------------
DROP TABLE IF EXISTS `user`;
CREATE TABLE `user` (
  `id` varchar(32) NOT NULL,
  `name` varchar(255) NOT NULL,
  `password` varchar(255) NOT NULL,
  `type` varchar(2) NOT NULL DEFAULT '0',
  `now_project` varchar(255) DEFAULT NULL COMMENT 'å½“å‰ä½¿ç”¨çš„é¡¹ç›®',
  PRIMARY KEY (`id`),
  UNIQUE KEY `id_unique` (`id`)
) ENGINE=InnoDB DEFAULT CHARSET=utf8;

-- ----------------------------
-- Records of user
-- ----------------------------
INSERT INTO `user` VALUES ('dengping', 'é‚“å¹³', 'dengping', '0', '');
